<?xml version="1.0" encoding="UTF-8" standalone="yes"?>
<addon id="repository.plkupdater" name="PLK Updater" version="0.0.1" provider-name="oolp">
	<extension point="xbmc.addon.repository" name="OOLPPLK Repository">
		<dir>
			<info compressed="false">https://raw.githubusercontent.com/noobsandnerds/modules4all/master/zips/addons.xml</info>
			<checksum>https://raw.githubusercontent.com/noobsandnerds/modules4all/master/zips/addons.xml.md5</checksum>
			<datadir zip="true">https://raw.githubusercontent.com/noobsandnerds/modules4all/master/zips/</datadir>
		</dir>
		<info compressed="false">https://raw.githubusercontent.com/oolp/repository.plkupdater/master/zips/addons.xml</info>
		<checksum>https://raw.githubusercontent.com/oolp/repository.plkupdater/master/zips/addons.xml.md5</checksum>
		<datadir zip="true">https://raw.githubusercontent.com/oolp/repository.plkupdater/master/zips/</datadir>
	</extension>
	<extension point="xbmc.addon.metadata">
		<summary lang="en">OOLP</summary>
		<description lang="en">OOLP</description>
		<genre></genre>
	</extension>
</addon>